{"cameraMode":{"drawMode":0,"name":"Shaded","section":"Shading Mode"},"sceneLighting":true,"audioPlay":false,"sceneViewState":{"m_AlwaysRefresh":false,"showFog":true,"showSkybox":true,"showFlares":true,"showImageEffects":true,"showParticleSystems":true,"showVisualEffectGraphs":true,"m_FxEnabled":true},"in2DMode":false,"pivot":{"x":1.6232585906982422,"y":6.208550453186035,"z":0.25995635986328127},"rotation":{"x":-0.048665836453437808,"y":0.9484567642211914,"z":-0.18025337159633637,"w":-0.25607019662857058},"size":13.267951965332032,"orthographic":false}